{"graph": {"_type": "graph-file", "sha256": "4c8b020b62e7f8050d6e27c4cf82a959487c30211dbd90c361f65f616997308c", "size": 1453, "path": "media/graph/graph_summary_4c8b020b62e7f8050d6e.graph.json"}, "epoch": 9, "_timestamp": 1658681431, "_runtime": 1214, "loss": 3.683119773864746, "sparse_categorical_accuracy": 0.05999999865889549, "val_loss": 3.6115951538085938, "val_sparse_categorical_accuracy": 0.029999999329447746, "_step": 9, "best_val_loss": 3.6115951538085938, "best_epoch": 9}