{"graph": {"_type": "graph-file", "sha256": "85bd17df06940a5ff11db575de7147b069c93bd659df951cb899e7fcead84ddb", "size": 1036, "path": "media/graph/graph_summary_85bd17df06940a5ff11d.graph.json"}, "epoch": 3, "_timestamp": 1658677942, "_runtime": 891, "loss": 2.4869589805603027, "sparse_categorical_accuracy": 0.29249998927116394, "val_loss": 2.718320369720459, "val_sparse_categorical_accuracy": 0.20749999582767487, "_step": 3, "best_val_loss": 2.634284019470215, "best_epoch": 0}